gpt2-large.dls.policy.mh.gn.free.s50	6	python run_experiment.py --sampler dls --method policy --mh --grad_norm --steps 50 --model_path /mount/studenten-temp1/users/singhsk/thesis/thesis/gfn-lm-tuning/infill_subj_arithmetic/gpt2_large_sft_output --model_tag gpt2-large --dtype float32 --eps_start 10.5 --eps_end 0.1 --n_samples 200 --wandb_project ctg-langevin-thesis-detailed --wandb_group gpt2-large.dls_traj_50 --run_name gpt2-large.dls.policy.mh.gn.free.s50 --out_dir results_gpt2_v2
gpt2-large.dls.policy.mh.gn.free.s100	6	python run_experiment.py --sampler dls --method policy --mh --grad_norm --steps 100 --model_path /mount/studenten-temp1/users/singhsk/thesis/thesis/gfn-lm-tuning/infill_subj_arithmetic/gpt2_large_sft_output --model_tag gpt2-large --dtype float32 --eps_start 10.5 --eps_end 0.1 --n_samples 200 --wandb_project ctg-langevin-thesis-detailed --wandb_group gpt2-large.dls_traj_100 --run_name gpt2-large.dls.policy.mh.gn.free.s100 --out_dir results_gpt2_v2
gpt2-large.dls.grad_norm_preserved_random_dir.mh.gn.free.s50	6	python run_experiment.py --sampler dls --method grad_norm_preserved_random_dir --mh --grad_norm --steps 50 --model_path /mount/studenten-temp1/users/singhsk/thesis/thesis/gfn-lm-tuning/infill_subj_arithmetic/gpt2_large_sft_output --model_tag gpt2-large --dtype float32 --eps_start 10.5 --eps_end 0.1 --n_samples 200 --wandb_project ctg-langevin-thesis-detailed --wandb_group gpt2-large.dls_traj_50 --run_name gpt2-large.dls.grad_norm_preserved_random_dir.mh.gn.free.s50 --out_dir results_gpt2_v2
gpt2-large.dls.grad_norm_preserved_random_dir.mh.gn.free.s100	6	python run_experiment.py --sampler dls --method grad_norm_preserved_random_dir --mh --grad_norm --steps 100 --model_path /mount/studenten-temp1/users/singhsk/thesis/thesis/gfn-lm-tuning/infill_subj_arithmetic/gpt2_large_sft_output --model_tag gpt2-large --dtype float32 --eps_start 10.5 --eps_end 0.1 --n_samples 200 --wandb_project ctg-langevin-thesis-detailed --wandb_group gpt2-large.dls_traj_100 --run_name gpt2-large.dls.grad_norm_preserved_random_dir.mh.gn.free.s100 --out_dir results_gpt2_v2
gpt2-large.dls.random.mh.gn.free.s50	6	python run_experiment.py --sampler dls --method random --mh --grad_norm --steps 50 --model_path /mount/studenten-temp1/users/singhsk/thesis/thesis/gfn-lm-tuning/infill_subj_arithmetic/gpt2_large_sft_output --model_tag gpt2-large --dtype float32 --eps_start 10.5 --eps_end 0.1 --n_samples 200 --wandb_project ctg-langevin-thesis-detailed --wandb_group gpt2-large.dls_traj_50 --run_name gpt2-large.dls.random.mh.gn.free.s50 --out_dir results_gpt2_v2
gpt2-large.dls.random.mh.gn.free.s100	6	python run_experiment.py --sampler dls --method random --mh --grad_norm --steps 100 --model_path /mount/studenten-temp1/users/singhsk/thesis/thesis/gfn-lm-tuning/infill_subj_arithmetic/gpt2_large_sft_output --model_tag gpt2-large --dtype float32 --eps_start 10.5 --eps_end 0.1 --n_samples 200 --wandb_project ctg-langevin-thesis-detailed --wandb_group gpt2-large.dls_traj_100 --run_name gpt2-large.dls.random.mh.gn.free.s100 --out_dir results_gpt2_v2
gpt2-large.dls.policy.nomh.gn.free.s50	6	python run_experiment.py --sampler dls --method policy --grad_norm --steps 50 --model_path /mount/studenten-temp1/users/singhsk/thesis/thesis/gfn-lm-tuning/infill_subj_arithmetic/gpt2_large_sft_output --model_tag gpt2-large --dtype float32 --eps_start 10.5 --eps_end 0.1 --n_samples 200 --wandb_project ctg-langevin-thesis-detailed --wandb_group gpt2-large.dls_traj_50 --run_name gpt2-large.dls.policy.nomh.gn.free.s50 --out_dir results_gpt2_v2
gpt2-large.dls.policy.nomh.gn.free.s100	6	python run_experiment.py --sampler dls --method policy --grad_norm --steps 100 --model_path /mount/studenten-temp1/users/singhsk/thesis/thesis/gfn-lm-tuning/infill_subj_arithmetic/gpt2_large_sft_output --model_tag gpt2-large --dtype float32 --eps_start 10.5 --eps_end 0.1 --n_samples 200 --wandb_project ctg-langevin-thesis-detailed --wandb_group gpt2-large.dls_traj_100 --run_name gpt2-large.dls.policy.nomh.gn.free.s100 --out_dir results_gpt2_v2
gpt2-large.dls.policy.nomh.gn.oracle.s50	6	python run_experiment.py --sampler dls --method policy --grad_norm --oracle --steps 50 --model_path /mount/studenten-temp1/users/singhsk/thesis/thesis/gfn-lm-tuning/infill_subj_arithmetic/gpt2_large_sft_output --model_tag gpt2-large --dtype float32 --eps_start 10.5 --eps_end 0.1 --n_samples 200 --wandb_project ctg-langevin-thesis-detailed --wandb_group gpt2-large.dls_oracle --run_name gpt2-large.dls.policy.nomh.gn.oracle.s50 --out_dir results_gpt2_v2
gpt2-large.dls.grad_norm_preserved_random_dir.nomh.gn.free.s50	6	python run_experiment.py --sampler dls --method grad_norm_preserved_random_dir --grad_norm --steps 50 --model_path /mount/studenten-temp1/users/singhsk/thesis/thesis/gfn-lm-tuning/infill_subj_arithmetic/gpt2_large_sft_output --model_tag gpt2-large --dtype float32 --eps_start 10.5 --eps_end 0.1 --n_samples 200 --wandb_project ctg-langevin-thesis-detailed --wandb_group gpt2-large.dls_traj_50 --run_name gpt2-large.dls.grad_norm_preserved_random_dir.nomh.gn.free.s50 --out_dir results_gpt2_v2
gpt2-large.dls.grad_norm_preserved_random_dir.nomh.gn.free.s100	6	python run_experiment.py --sampler dls --method grad_norm_preserved_random_dir --grad_norm --steps 100 --model_path /mount/studenten-temp1/users/singhsk/thesis/thesis/gfn-lm-tuning/infill_subj_arithmetic/gpt2_large_sft_output --model_tag gpt2-large --dtype float32 --eps_start 10.5 --eps_end 0.1 --n_samples 200 --wandb_project ctg-langevin-thesis-detailed --wandb_group gpt2-large.dls_traj_100 --run_name gpt2-large.dls.grad_norm_preserved_random_dir.nomh.gn.free.s100 --out_dir results_gpt2_v2
gpt2-large.dls.grad_norm_preserved_random_dir.nomh.gn.oracle.s50	6	python run_experiment.py --sampler dls --method grad_norm_preserved_random_dir --grad_norm --oracle --steps 50 --model_path /mount/studenten-temp1/users/singhsk/thesis/thesis/gfn-lm-tuning/infill_subj_arithmetic/gpt2_large_sft_output --model_tag gpt2-large --dtype float32 --eps_start 10.5 --eps_end 0.1 --n_samples 200 --wandb_project ctg-langevin-thesis-detailed --wandb_group gpt2-large.dls_oracle --run_name gpt2-large.dls.grad_norm_preserved_random_dir.nomh.gn.oracle.s50 --out_dir results_gpt2_v2
gpt2-large.dls.random.nomh.gn.free.s50	6	python run_experiment.py --sampler dls --method random --grad_norm --steps 50 --model_path /mount/studenten-temp1/users/singhsk/thesis/thesis/gfn-lm-tuning/infill_subj_arithmetic/gpt2_large_sft_output --model_tag gpt2-large --dtype float32 --eps_start 10.5 --eps_end 0.1 --n_samples 200 --wandb_project ctg-langevin-thesis-detailed --wandb_group gpt2-large.dls_traj_50 --run_name gpt2-large.dls.random.nomh.gn.free.s50 --out_dir results_gpt2_v2
gpt2-large.dls.random.nomh.gn.free.s100	6	python run_experiment.py --sampler dls --method random --grad_norm --steps 100 --model_path /mount/studenten-temp1/users/singhsk/thesis/thesis/gfn-lm-tuning/infill_subj_arithmetic/gpt2_large_sft_output --model_tag gpt2-large --dtype float32 --eps_start 10.5 --eps_end 0.1 --n_samples 200 --wandb_project ctg-langevin-thesis-detailed --wandb_group gpt2-large.dls_traj_100 --run_name gpt2-large.dls.random.nomh.gn.free.s100 --out_dir results_gpt2_v2
gpt2-large.dls.random.nomh.gn.oracle.s50	6	python run_experiment.py --sampler dls --method random --grad_norm --oracle --steps 50 --model_path /mount/studenten-temp1/users/singhsk/thesis/thesis/gfn-lm-tuning/infill_subj_arithmetic/gpt2_large_sft_output --model_tag gpt2-large --dtype float32 --eps_start 10.5 --eps_end 0.1 --n_samples 200 --wandb_project ctg-langevin-thesis-detailed --wandb_group gpt2-large.dls_oracle --run_name gpt2-large.dls.random.nomh.gn.oracle.s50 --out_dir results_gpt2_v2
gpt2-large.cls.policy.nomh.gn.free.s50	6	python run_experiment.py --sampler cls --method policy --grad_norm --steps 50 --model_path /mount/studenten-temp1/users/singhsk/thesis/thesis/gfn-lm-tuning/infill_subj_arithmetic/gpt2_large_sft_output --model_tag gpt2-large --dtype float32 --eps_start 10.5 --eps_end 0.1 --n_samples 200 --wandb_project ctg-langevin-thesis-detailed --wandb_group gpt2-large.cls_gn_on --run_name gpt2-large.cls.policy.nomh.gn.free.s50 --out_dir results_gpt2_v2
gpt2-large.cls.policy.nomh.nogn.free.s50	6	python run_experiment.py --sampler cls --method policy --steps 50 --model_path /mount/studenten-temp1/users/singhsk/thesis/thesis/gfn-lm-tuning/infill_subj_arithmetic/gpt2_large_sft_output --model_tag gpt2-large --dtype float32 --eps_start 10.5 --eps_end 0.1 --n_samples 200 --wandb_project ctg-langevin-thesis-detailed --wandb_group gpt2-large.cls_gn_off --run_name gpt2-large.cls.policy.nomh.nogn.free.s50 --out_dir results_gpt2_v2
gpt2-large.cls.policy.mh.gn.free.s50	6	python run_experiment.py --sampler cls --method policy --mh --grad_norm --steps 50 --model_path /mount/studenten-temp1/users/singhsk/thesis/thesis/gfn-lm-tuning/infill_subj_arithmetic/gpt2_large_sft_output --model_tag gpt2-large --dtype float32 --eps_start 10.5 --eps_end 0.1 --n_samples 200 --wandb_project ctg-langevin-thesis-detailed --wandb_group gpt2-large.cls_gn_on --run_name gpt2-large.cls.policy.mh.gn.free.s50 --out_dir results_gpt2_v2
gpt2-large.cls.policy.mh.nogn.free.s50	6	python run_experiment.py --sampler cls --method policy --mh --steps 50 --model_path /mount/studenten-temp1/users/singhsk/thesis/thesis/gfn-lm-tuning/infill_subj_arithmetic/gpt2_large_sft_output --model_tag gpt2-large --dtype float32 --eps_start 10.5 --eps_end 0.1 --n_samples 200 --wandb_project ctg-langevin-thesis-detailed --wandb_group gpt2-large.cls_gn_off --run_name gpt2-large.cls.policy.mh.nogn.free.s50 --out_dir results_gpt2_v2
gpt2-large.cls.random.nomh.gn.free.s50	6	python run_experiment.py --sampler cls --method random --grad_norm --steps 50 --model_path /mount/studenten-temp1/users/singhsk/thesis/thesis/gfn-lm-tuning/infill_subj_arithmetic/gpt2_large_sft_output --model_tag gpt2-large --dtype float32 --eps_start 10.5 --eps_end 0.1 --n_samples 200 --wandb_project ctg-langevin-thesis-detailed --wandb_group gpt2-large.cls_gn_on --run_name gpt2-large.cls.random.nomh.gn.free.s50 --out_dir results_gpt2_v2
gpt2-large.cls.random.nomh.nogn.free.s50	6	python run_experiment.py --sampler cls --method random --steps 50 --model_path /mount/studenten-temp1/users/singhsk/thesis/thesis/gfn-lm-tuning/infill_subj_arithmetic/gpt2_large_sft_output --model_tag gpt2-large --dtype float32 --eps_start 10.5 --eps_end 0.1 --n_samples 200 --wandb_project ctg-langevin-thesis-detailed --wandb_group gpt2-large.cls_gn_off --run_name gpt2-large.cls.random.nomh.nogn.free.s50 --out_dir results_gpt2_v2
gpt2-large.cls.random.mh.gn.free.s50	6	python run_experiment.py --sampler cls --method random --mh --grad_norm --steps 50 --model_path /mount/studenten-temp1/users/singhsk/thesis/thesis/gfn-lm-tuning/infill_subj_arithmetic/gpt2_large_sft_output --model_tag gpt2-large --dtype float32 --eps_start 10.5 --eps_end 0.1 --n_samples 200 --wandb_project ctg-langevin-thesis-detailed --wandb_group gpt2-large.cls_gn_on --run_name gpt2-large.cls.random.mh.gn.free.s50 --out_dir results_gpt2_v2
gpt2-large.cls.random.mh.nogn.free.s50	6	python run_experiment.py --sampler cls --method random --mh --steps 50 --model_path /mount/studenten-temp1/users/singhsk/thesis/thesis/gfn-lm-tuning/infill_subj_arithmetic/gpt2_large_sft_output --model_tag gpt2-large --dtype float32 --eps_start 10.5 --eps_end 0.1 --n_samples 200 --wandb_project ctg-langevin-thesis-detailed --wandb_group gpt2-large.cls_gn_off --run_name gpt2-large.cls.random.mh.nogn.free.s50 --out_dir results_gpt2_v2
